"","Trait","chr1","chr2","pos1f","pos2f","lod.full","lod.fv1","lod.int","pos1a","pos2a","lod.add","lod.av1","thr.full","thr.fv1","thr.int","thr.add","thr.av1"
"1","AFL","LG9","LG18",2,26,8.32649395064489,5.21044463121072,6.6991284751438,0,14,1.62736547550109,-1.48868384393307,8.01340265077246,6.24756717155348,5.60859260123906,5.28559291012601,2.67104692065049
