"","Trait","chr1","chr2","pos1f","pos2f","lod.full","lod.fv1","lod.int","pos1a","pos2a","lod.add","lod.av1","thr.full","thr.fv1","thr.int","thr.add","thr.av1"
"1","AFL","LG16","LG24",38,24,8.27534228528446,5.04941760445946,6.9338076242778,40,34,1.34153466100665,-1.88439001981834,8.01340265077246,6.24756717155348,5.60859260123906,5.28559291012601,2.67104692065049
